,slug,granularity,timestamps,floorNative,floorUsd,salesCount,volumeNative,volumeUsd,Date
0,bored-ape-yacht-club,1d,1669248000000,57.5,65071.025,34,3011.8099,3410200.932519999,2022-11-24
1,bored-ape-yacht-club,1d,1669334400000,60.0,70940.4,30,2644.3863,3082716.4960129997,2022-11-25
2,bored-ape-yacht-club,1d,1669420800000,61.0,71976.95,17,1142.4830999999997,1364037.341624,2022-11-26
3,bored-ape-yacht-club,1d,1669507200000,61.8557,74683.95362300001,59,4027.318299999999,4851646.014602001,2022-11-27
4,bored-ape-yacht-club,1d,1669593600000,69.3,83549.46599999999,28,2055.4876,2494100.904258,2022-11-28
5,bored-ape-yacht-club,1d,1669680000000,66.99,77582.4588,21,1492.0108599999999,1767455.6004211998,2022-11-29
6,bored-ape-yacht-club,1d,1669766400000,68.0,81353.3578,8,626.4974,748287.010848,2022-11-30
7,bored-ape-yacht-club,1d,1669852800000,66.899,82727.44,11,840.5476,1048204.4494340001,2022-12-01
8,bored-ape-yacht-club,1d,1669939200000,65.0,82962.75,7,406.68010000000004,520616.834644,2022-12-02
9,bored-ape-yacht-club,1d,1670025600000,65.0,82863.95,7,513.1700000000001,657307.0018,2022-12-03
10,bored-ape-yacht-club,1d,1670112000000,66.77,82994.708887,8,552.5482,708468.482238,2022-12-04
11,bored-ape-yacht-club,1d,1670198400000,66.99,83178.8034,13,920.02,1154123.4715999998,2022-12-05
12,bored-ape-yacht-club,1d,1670284800000,66.99,84578.39468000001,11,861.0516,1080765.2582560002,2022-12-06
13,bored-ape-yacht-club,1d,1670371200000,66.5,82793.83,18,1513.4994100000001,1904976.6959985,2022-12-07
14,bored-ape-yacht-club,1d,1670457600000,65.35,80241.30449999998,10,706.3199999999999,876972.0996000002,2022-12-08
15,bored-ape-yacht-club,1d,1670544000000,64.46,80128.249,23,1933.28489,2414048.1585842003,2022-12-09
16,bored-ape-yacht-club,1d,1670630400000,63.36,79755.6672,21,1841.1753,2330613.910351,2022-12-10
17,bored-ape-yacht-club,1d,1670716800000,63.36,79989.4656,61,4145.0969000000005,5266295.246464002,2022-12-11
18,bored-ape-yacht-club,1d,1670803200000,65.89,83960.9914,47,3156.0468999999994,4022321.090611001,2022-12-12
19,bored-ape-yacht-club,1d,1670889600000,67.29,83997.4341,65,4371.9474,5537540.323317,2022-12-13
20,bored-ape-yacht-club,1d,1670976000000,66.49,84824.6175,97,6607.505700000004,8382581.410770998,2022-12-14
21,bored-ape-yacht-club,1d,1671062400000,57.99,76931.2737,106,6895.003700000003,8933053.419003006,2022-12-15
22,bored-ape-yacht-club,1d,1671148800000,62.62,81918.8578,50,3252.3654699999993,4251354.853062101,2022-12-16
23,bored-ape-yacht-club,1d,1671235200000,65.1531,75660.34043699999,42,2899.871100000001,3681243.4559089993,2022-12-17
24,bored-ape-yacht-club,1d,1671321600000,62.0,72943.62,78,5178.060550000001,6179619.282048499,2022-12-18
25,bored-ape-yacht-club,1d,1671408000000,62.5,73872.5,85,5569.989999999995,6574109.395000004,2022-12-19
26,bored-ape-yacht-club,1d,1671494400000,59.0,69788.15,44,2763.4349999999995,3276465.021750001,2022-12-20
27,bored-ape-yacht-club,1d,1671580800000,62.7264,73199.199744,86,5535.1083999999955,6529704.690014001,2022-12-21
28,bored-ape-yacht-club,1d,1671667200000,64.5,78508.755,61,4390.356600000001,5178143.605354998,2022-12-22
29,bored-ape-yacht-club,1d,1671753600000,65.1531,79043.74092,38,2596.4880000000003,3157649.7377999993,2022-12-23
30,bored-ape-yacht-club,1d,1671840000000,65.555,79799.44595000001,64,4662.462599999999,5660872.298489999,2022-12-24
31,bored-ape-yacht-club,1d,1671926400000,69.2755,84515.41724499999,46,3157.04,3845074.1515999986,2022-12-25
32,bored-ape-yacht-club,1d,1672012800000,66.0,80539.8,23,1651.8469999999998,2015437.6953299993,2022-12-26
33,bored-ape-yacht-club,1d,1672099200000,69.2469,84387.042216,10,808.8800000000001,986838.0706,2022-12-27
34,bored-ape-yacht-club,1d,1672185600000,69.42,85205.41380000001,52,3833.2504000000004,4677905.588706001,2022-12-28
35,bored-ape-yacht-club,1d,1672272000000,73.5,89068.73781,31,2548.0558,3086897.31825,2022-12-29
36,bored-ape-yacht-club,1d,1672358400000,72.99,88450.70983,20,1715.77,2079032.64192,2022-12-30
37,bored-ape-yacht-club,1d,1672444800000,69.0,82906.47431,13,923.1899999999999,1109287.41424,2022-12-31
38,bored-ape-yacht-club,1d,1672531200000,69.49,83495.23044,22,1584.9857,1904496.8763300006,2023-01-01
39,bored-ape-yacht-club,1d,1672617600000,69.49,83495.23044,10,665.7239999999999,798276.6364900001,2023-01-02
40,bored-ape-yacht-club,1d,1672704000000,69.49,83495.23044,22,1699.46,2033589.33624,2023-01-03
41,bored-ape-yacht-club,1d,1672790400000,72.0,87435.28411,41,3227.4928099999997,3892953.080320001,2023-01-04
42,bored-ape-yacht-club,1d,1672876800000,73.73,89536.15969,36,3064.70642,3722185.37996,2023-01-05
43,bored-ape-yacht-club,1d,1672963200000,75.25,92966.38581,18,1746.1004,2167413.59533,2023-01-06
44,bored-ape-yacht-club,1d,1673049600000,66.99,83790.57296,60,5124.6534999999985,6414119.745630002,2023-01-07
45,bored-ape-yacht-club,1d,1673136000000,81.49,101927.06061,15,1307.0036,1659908.2545299998,2023-01-08
46,bored-ape-yacht-club,1d,1673222400000,77.99,98644.63318,12,978.27,1242414.52125,2023-01-09
47,bored-ape-yacht-club,1d,1673308800000,76.99,97379.79624,35,2930.8680999999997,3731635.184509999,2023-01-10
48,bored-ape-yacht-club,1d,1673395200000,78.8,102753.18656,11,1090.6161,1441612.367,2023-01-11
49,bored-ape-yacht-club,1d,1673481600000,78.8,104148.11379,10,816.5626,1080295.99447,2023-01-12
50,bored-ape-yacht-club,1d,1673568000000,74.5,99533.27186,31,2431.4305,3235252.29656,2023-01-13
51,bored-ape-yacht-club,1d,1673654400000,74.4898,99519.64449,23,1710.9978999999998,2401250.4322099998,2023-01-14
52,bored-ape-yacht-club,1d,1673740800000,71.7,103986.51,37,2766.1645999999996,3987751.00426,2023-01-15
53,bored-ape-yacht-club,1d,1673827200000,70.0,101736.3837,27,1986.25159,2912542.137799999,2023-01-16
54,bored-ape-yacht-club,1d,1673913600000,69.25,107275.96957,22,1931.4080000000001,2995083.9991500005,2023-01-17
55,bored-ape-yacht-club,1d,1674000000000,68.5306,108122.50188,18,1285.379,2013136.0398000001,2023-01-18
56,bored-ape-yacht-club,1d,1674086400000,65.0,101741.9,17,1426.1146,2238159.2535599996,2023-01-19
57,bored-ape-yacht-club,1d,1674172800000,66.0,99801.24,18,1321.1373999999998,2014250.5955500002,2023-01-20
58,bored-ape-yacht-club,1d,1674259200000,60.0,93030.53328,39,2677.4426000000003,4148492.6501600007,2023-01-21
59,bored-ape-yacht-club,1d,1674345600000,63.89,99062.01285,24,1679.3191,2739567.71626,2023-01-22
60,bored-ape-yacht-club,1d,1674432000000,65.5,107759.857416,21,1730.6302,2855041.3186200005,2023-01-23
61,bored-ape-yacht-club,1d,1674518400000,66.0,107426.22,7,475.24999999999994,773847.49486,2023-01-24
62,bored-ape-yacht-club,1d,1674604800000,62.8,102549.99646,9,623.6905,1018163.1129800001,2023-01-25
63,bored-ape-yacht-club,1d,1674691200000,64.19,98657.4624,16,1161.7579999999998,1863631.6712500004,2023-01-26
64,bored-ape-yacht-club,1d,1674777600000,62.0,98810.02,14,1031.2712999999999,1633829.8180400003,2023-01-27
65,bored-ape-yacht-club,1d,1674864000000,62.0,97098.81999999999,14,998.4228,1600318.9387700001,2023-01-28
66,bored-ape-yacht-club,1d,1674950400000,62.0,99023.92,15,1319.2884000000001,2111088.40362,2023-01-29
67,bored-ape-yacht-club,1d,1675036800000,62.0,97511.12,15,1119.1537999999998,1788971.08088,2023-01-30
68,bored-ape-yacht-club,1d,1675123200000,64.0,102634.57422,12,897.0326,1472886.52326,2023-01-31
69,bored-ape-yacht-club,1d,1675209600000,64.0,100238.72,7,732.34,1148757.57465,2023-02-01
70,bored-ape-yacht-club,1d,1675296000000,64.0,101492.48,10,731.6025000000001,1158060.93598,2023-02-02
71,bored-ape-yacht-club,1d,1675382400000,64.0,105084.16,2,132.49,213720.47798999998,2023-02-03
72,bored-ape-yacht-club,1d,1675468800000,62.49,102680.44350000001,29,2058.8532999999998,3394231.4410499986,2023-02-04
73,bored-ape-yacht-club,1d,1675555200000,63.89,105515.49978,15,1136.19951,1892210.62198,2023-02-05
74,bored-ape-yacht-club,1d,1675641600000,63.89,106404.18668,17,1455.93888,2424654.03776,2023-02-06
75,bored-ape-yacht-club,1d,1675728000000,63.99,104282.58330000001,24,1785.5152000000003,2927068.9811000004,2023-02-07
76,bored-ape-yacht-club,1d,1675814400000,67.6,109095.58399999999,32,3086.5856000000003,4991430.765010001,2023-02-08
77,bored-ape-yacht-club,1d,1675900800000,68.4,111566.7758,14,1139.7788,1907061.6872799997,2023-02-09
78,bored-ape-yacht-club,1d,1675987200000,70.97,117165.7924,13,1068.462,1764440.9527599998,2023-02-10
79,bored-ape-yacht-club,1d,1676073600000,70.97,109684.135,3,226.0278,357880.17128999997,2023-02-11
80,bored-ape-yacht-club,1d,1676160000000,67.3469,101948.39028200001,12,1059.0785,1615037.0967299999,2023-02-12
81,bored-ape-yacht-club,1d,1676246400000,67.99,103041.15849,6,518.8547,786341.95291,2023-02-13
82,bored-ape-yacht-club,1d,1676332800000,67.0,101525.09999999999,12,831.0968,1259513.93262,2023-02-14
83,bored-ape-yacht-club,1d,1676419200000,67.0,100918.75,5,355.13669999999996,535757.94512,2023-02-15
84,bored-ape-yacht-club,1d,1676505600000,67.0,101540.77981,42,3289.1799999999994,5121229.377350002,2023-02-16
85,bored-ape-yacht-club,1d,1676592000000,68.9,107274.78405,46,3540.697199999999,5852558.357560001,2023-02-17
86,bored-ape-yacht-club,1d,1676678400000,72.5,118831.125,23,1750.3736000000001,2894214.3849000004,2023-02-18
87,bored-ape-yacht-club,1d,1676764800000,72.7272,121807.74779,42,3162.20911,5321248.395769999,2023-02-19
88,bored-ape-yacht-club,1d,1676851200000,76.47,129397.87926,69,5292.485500000001,8981797.050989993,2023-02-20
89,bored-ape-yacht-club,1d,1676937600000,72.7943,122321.99018,52,4004.541739999999,6782817.393819999,2023-02-21
90,bored-ape-yacht-club,1d,1677024000000,72.5,122321.99018,70,5596.913199999998,9469950.010780001,2023-02-22
91,bored-ape-yacht-club,1d,1677110400000,69.49,115115.90889,180,13869.992300000024,22976369.97387997,2023-02-23
92,bored-ape-yacht-club,1d,1677196800000,68.499,112555.73431,42,3126.2714999999994,5136690.02576,2023-02-24
93,bored-ape-yacht-club,1d,1677283200000,59.5,98285.07542,272,17273.253910000014,28532145.89825,2023-02-25
94,bored-ape-yacht-club,1d,1677369600000,55.89,92321.89689,106,7159.465400000001,11825894.40766999,2023-02-26
95,bored-ape-yacht-club,1d,1677456000000,67.6968,107931.039144,58,4132.088900000001,6825369.847429999,2023-02-27
96,bored-ape-yacht-club,1d,1677542400000,67.0,109919.04157,90,6191.624030000003,10188922.36432,2023-02-28
97,bored-ape-yacht-club,1d,1677628800000,67.9999,111079.196648,57,4029.494899999999,6585484.478120002,2023-03-01
98,bored-ape-yacht-club,1d,1677715200000,70.49,113251.53472,55,3931.9256000000005,6326496.11423,2023-03-02
99,bored-ape-yacht-club,1d,1677801600000,70.0,112624.94799,44,3098.2848,5090347.819409998,2023-03-03
100,bored-ape-yacht-club,1d,1677888000000,70.1,115500.966,21,1491.0508999999997,2457894.00771,2023-03-04
101,bored-ape-yacht-club,1d,1677974400000,72.5,113811.22499999999,17,1210.3182000000002,1900635.40704,2023-03-05
102,bored-ape-yacht-club,1d,1678060800000,70.7799,110907.148707,23,1670.1801000000003,2619799.2498299996,2023-03-06
103,bored-ape-yacht-club,1d,1678147200000,70.79,110890.3424,34,2524.9379000000004,3949363.0173999993,2023-03-07
104,bored-ape-yacht-club,1d,1678233600000,71.39,111785.3176,44,3926.4334,6149041.91673,2023-03-08
105,bored-ape-yacht-club,1d,1678320000000,69.99,109451.28461,26,1832.67123,2867965.5944699994,2023-03-09
106,bored-ape-yacht-club,1d,1678406400000,67.82,104121.35029,46,3167.4694700000005,4882426.60382,2023-03-10
107,bored-ape-yacht-club,1d,1678492800000,67.99,97740.38429999999,25,1870.9190899999996,2718658.33213,2023-03-11
108,bored-ape-yacht-club,1d,1678579200000,67.59,96626.87819,21,1446.8372000000004,2069746.6543399994,2023-03-12
109,bored-ape-yacht-club,1d,1678665600000,67.3899,96340.8146,7,488.0787,697068.25408,2023-03-13
110,bored-ape-yacht-club,1d,1678752000000,66.25,95940.66867,25,1730.6637,2609678.9615300004,2023-03-14
111,bored-ape-yacht-club,1d,1678838400000,64.51,105122.74632,42,2668.7136,4414358.883199999,2023-03-15
112,bored-ape-yacht-club,1d,1678924800000,64.29,109549.24512,22,1423.8098,2432295.55848,2023-03-16
113,bored-ape-yacht-club,1d,1679011200000,64.0,105997.44,10,637.97,1061091.70388,2023-03-17
114,bored-ape-yacht-club,1d,1679097600000,62.0,104147.13351,37,2358.9046,3957873.64695,2023-03-18
115,bored-ape-yacht-club,1d,1679184000000,60.5,103139.25803,16,1149.64164,2053383.00135,2023-03-19
116,bored-ape-yacht-club,1d,1679270400000,61.5,108457.70999999999,13,872.8299999999999,1565321.3562699999,2023-03-20
117,bored-ape-yacht-club,1d,1679356800000,59.9,107418.59824,21,1270.6286,2287455.7171300002,2023-03-21
118,bored-ape-yacht-club,1d,1679443200000,57.8593,100620.215665,23,1335.38592,2343188.4307799996,2023-03-22
119,bored-ape-yacht-club,1d,1679529600000,57.55,101686.10936,23,1355.5484000000001,2415944.5979,2023-03-23
120,bored-ape-yacht-club,1d,1679616000000,56.3,97927.657,50,2878.67804,5068749.826100001,2023-03-24
121,bored-ape-yacht-club,1d,1679702400000,56.95,99676.99852,17,970.69,1758351.1852199999,2023-03-25
122,bored-ape-yacht-club,1d,1679788800000,57.2,100189.232,48,2889.7441000000003,5273476.44521,2023-03-26
123,bored-ape-yacht-club,1d,1679875200000,58.5,102809.3895,29,2010.3899000000004,3668874.433170001,2023-03-27
124,bored-ape-yacht-club,1d,1679961600000,60.3,107105.463,28,1741.2707999999996,3099959.8179099998,2023-03-28
125,bored-ape-yacht-club,1d,1680048000000,60.15,103201.761,17,1068.2749,1859653.2980900002,2023-03-29
126,bored-ape-yacht-club,1d,1680134400000,60.47,104078.6107,22,1382.3911400000002,2423202.11264,2023-03-30
127,bored-ape-yacht-club,1d,1680220800000,60.39,107255.27536,17,993.66274,1782643.3751899998,2023-03-31
128,bored-ape-yacht-club,1d,1680307200000,60.45,105379.16355,33,2240.2959,4017155.3378299987,2023-04-01
129,bored-ape-yacht-club,1d,1680393600000,61.95,110076.9534,17,1099.5163,1991489.0791800003,2023-04-02
130,bored-ape-yacht-club,1d,1680480000000,60.99,110589.1832,32,2020.3085,3685131.0892600003,2023-04-03
131,bored-ape-yacht-club,1d,1680566400000,61.9699,110183.08559999999,14,886.3077000000002,1599755.06458,2023-04-04
132,bored-ape-yacht-club,1d,1680652800000,61.5,111343.67468,29,1809.6154,3274580.4624799998,2023-04-05
133,bored-ape-yacht-club,1d,1680739200000,60.15,111886.81456,33,2015.9577,3731035.024469999,2023-04-06
134,bored-ape-yacht-club,1d,1680825600000,58.99,110070.6208,16,950.5200000000002,1816765.6515999998,2023-04-07
135,bored-ape-yacht-club,1d,1680912000000,58.388,108301.56567999999,24,1357.9208299999998,2546970.34764,2023-04-08
136,bored-ape-yacht-club,1d,1680998400000,57.98,108228.80446,18,1061.1737,1981169.1572500004,2023-04-09
137,bored-ape-yacht-club,1d,1681084800000,59.33,110050.01,15,943.2631099999999,1760635.31399,2023-04-10
138,bored-ape-yacht-club,1d,1681171200000,58.95,109625.18850000002,23,1453.6319999999996,2710219.8576700003,2023-04-11
139,bored-ape-yacht-club,1d,1681257600000,58.67994,109643.48581,23,1351.2089999999998,2574822.3876599995,2023-04-12
140,bored-ape-yacht-club,1d,1681344000000,56.59,107121.41297,39,2234.2379999999985,4230292.635659999,2023-04-13
141,bored-ape-yacht-club,1d,1681430400000,52.3,100427.66452,125,6900.628750000004,13221200.150560008,2023-04-14
142,bored-ape-yacht-club,1d,1681516800000,52.55,102923.95446,61,3274.3345400000007,6463909.163240001,2023-04-15
143,bored-ape-yacht-club,1d,1681603200000,52.87,106423.81475,90,4901.315899999996,10283109.187930001,2023-04-16
144,bored-ape-yacht-club,1d,1681689600000,53.69,112345.2512,38,2129.468,4477983.37221,2023-04-17
145,bored-ape-yacht-club,1d,1681776000000,53.42,112339.38536,45,2473.2717,5231475.55133,2023-04-18
146,bored-ape-yacht-club,1d,1681862400000,52.689,109333.36323,44,2407.3162899999993,5044804.47478,2023-04-19
147,bored-ape-yacht-club,1d,1681948800000,48.4,101798.6946,45,2318.549569999999,4870785.198010001,2023-04-20
148,bored-ape-yacht-club,1d,1682035200000,47.98,92909.71569,57,3144.484859999999,6123351.512289998,2023-04-21
149,bored-ape-yacht-club,1d,1682121600000,44.5,86482.88411,100,4745.959000000002,9217455.167359997,2023-04-22
150,bored-ape-yacht-club,1d,1682208000000,47.25,87322.2525,78,3927.881679999999,7592750.9508799985,2023-04-23
151,bored-ape-yacht-club,1d,1682294400000,49.099,92951.52284,36,1887.9660000000001,3501616.10291,2023-04-24
152,bored-ape-yacht-club,1d,1682380800000,50.5,92922.45929999999,14,735.8326999999999,1376439.28961,2023-04-25
153,bored-ape-yacht-club,1d,1682467200000,50.5,91712.1618,18,1278.0368,2366802.2418,2023-04-26
154,bored-ape-yacht-club,1d,1682553600000,50.0,92000.069191,32,1727.7699999999998,3222344.79709,2023-04-27
155,bored-ape-yacht-club,1d,1682640000000,49.79,92987.27249,9,520.52,972264.6048099999,2023-04-28
156,bored-ape-yacht-club,1d,1682726400000,49.4,92987.27249,9,480.40004999999996,915039.8825599999,2023-04-29
157,bored-ape-yacht-club,1d,1682812800000,48.99,92808.03184,12,601.1500000000001,1138731.04012,2023-04-30
158,bored-ape-yacht-club,1d,1682899200000,46.75,88564.51293,34,1615.2641,3071293.6550599993,2023-05-01
159,bored-ape-yacht-club,1d,1682985600000,46.95,86576.26950000001,25,1242.8832599999998,2346242.581689999,2023-05-02
160,bored-ape-yacht-club,1d,1683072000000,48.85,89240.6455,51,2557.9434300000003,4731929.765329999,2023-05-03
161,bored-ape-yacht-club,1d,1683158400000,50.27995,93438.635,17,864.1800000000003,1614620.5100099996,2023-05-04
162,bored-ape-yacht-club,1d,1683244800000,49.75,94065.16898,30,1509.95001,2869623.483070001,2023-05-05
163,bored-ape-yacht-club,1d,1683331200000,48.5,91053.95796,32,1554.5726700000005,2931953.8249099995,2023-05-06
164,bored-ape-yacht-club,1d,1683417600000,47.5,89176.55676,11,528.4000100000001,1030967.7469700001,2023-05-07
165,bored-ape-yacht-club,1d,1683504000000,47.3,89889.42133,20,964.3190099999999,1890872.7837600003,2023-05-08
166,bored-ape-yacht-club,1d,1683590400000,46.3,85064.212,18,853.2500000000002,1620066.8394300004,2023-05-09
167,bored-ape-yacht-club,1d,1683676800000,42.99,79500.9182,32,1433.25345,2650430.7805600003,2023-05-10
168,bored-ape-yacht-club,1d,1683763200000,40.69,75116.3549,50,2144.0852700000005,3958747.7684600013,2023-05-11
169,bored-ape-yacht-club,1d,1683849600000,40.95,75282.8895,47,2059.9652,3797065.7976900004,2023-05-12
170,bored-ape-yacht-club,1d,1683936000000,43.35,76946.6835,10,614.47,1104861.26866,2023-05-13
171,bored-ape-yacht-club,1d,1684022400000,42.85,77047.38289,22,1011.6543000000001,1820458.14598,2023-05-14
172,bored-ape-yacht-club,1d,1684108800000,43.8,79220.841,14,673.56,1216057.0026299998,2023-05-15
173,bored-ape-yacht-club,1d,1684195200000,45.8,82394.59658,27,1759.9128399999997,3165747.05756,2023-05-16
174,bored-ape-yacht-club,1d,1684281600000,44.99,81668.9973,46,2292.0699999999993,4170635.85933,2023-05-17
175,bored-ape-yacht-club,1d,1684368000000,45.75,82403.5275,15,751.045,1368982.1927699998,2023-05-18
176,bored-ape-yacht-club,1d,1684454400000,45.69,81357.8985,26,1227.1910500000001,2235028.56107,2023-05-19
177,bored-ape-yacht-club,1d,1684540800000,45.5,82008.78845,11,667.8495,1205757.75064,2023-05-20
178,bored-ape-yacht-club,1d,1684627200000,46.09,83539.04680000001,3,138.3355,250240.49978,2023-05-21
179,bored-ape-yacht-club,1d,1684713600000,45.79,83290.61478,20,957.1252400000003,1739231.60867,2023-05-22
180,bored-ape-yacht-club,1d,1684800000000,45.499,82122.46762,21,969.4301000000003,1750437.31649,2023-05-23
181,bored-ape-yacht-club,1d,1684886400000,45.25,82122.46762,47,2180.023100000001,3956913.5545099997,2023-05-24
182,bored-ape-yacht-club,1d,1684972800000,44.8,81464.38559,49,2257.059799999998,4147923.2389100017,2023-05-25
183,bored-ape-yacht-club,1d,1685059200000,45.68,82211.6664,10,454.5706,818561.6485,2023-05-26
184,bored-ape-yacht-club,1d,1685145600000,45.199,81620.61455,13,599.28,1081661.4464999998,2023-05-27
185,bored-ape-yacht-club,1d,1685232000000,45.599,82342.93685,56,2556.409,4640692.17745,2023-05-28
186,bored-ape-yacht-club,1d,1685318400000,45.279,82813.32304,59,2670.8499999999995,4887061.367989999,2023-05-29
187,bored-ape-yacht-club,1d,1685404800000,45.149,83969.96784,58,2621.474709999999,4956774.56108,2023-05-30
188,bored-ape-yacht-club,1d,1685491200000,45.177,85552.32976,61,2764.7489000000005,5235644.455880001,2023-05-31
189,bored-ape-yacht-club,1d,1685577600000,45.328,84349.10978,82,3716.3166500000007,7057666.582009996,2023-06-01
190,bored-ape-yacht-club,1d,1685664000000,45.268,83959.91764,96,4446.714099999997,8370985.724629993,2023-06-02
191,bored-ape-yacht-club,1d,1685750400000,45.44,84611.0976,39,1784.5713000000003,3334241.6370900003,2023-06-03
192,bored-ape-yacht-club,1d,1685836800000,45.954,85553.72843,103,4747.039929999997,8839735.482059998,2023-06-04
193,bored-ape-yacht-club,1d,1685923200000,46.14,87234.61468,74,3428.2916000000014,6530643.068119998,2023-06-05
194,bored-ape-yacht-club,1d,1686009600000,46.5327,84276.225,70,3284.177400000001,6217064.872400001,2023-06-06
195,bored-ape-yacht-club,1d,1686096000000,46.73,84471.9518,268,12572.880050000027,23791662.10112993,2023-06-07
196,bored-ape-yacht-club,1d,1686182400000,45.3,85276.10973,214,9959.379000000024,18254864.040249992,2023-06-08
197,bored-ape-yacht-club,1d,1686268800000,45.349,83093.89795,49,2238.2379,4108027.4307999993,2023-06-09
198,bored-ape-yacht-club,1d,1686355200000,46.0,84286.73854,146,6740.811200000001,12443109.071129994,2023-06-10
199,bored-ape-yacht-club,1d,1686441600000,45.7286,84104.40754,155,7128.177900000001,13144407.768100016,2023-06-11
200,bored-ape-yacht-club,1d,1686528000000,45.54441,79811.1131958,114,5216.8749000000025,9594916.277490012,2023-06-12
201,bored-ape-yacht-club,1d,1686614400000,45.57,79826.08988,136,6234.269400000007,11112920.269250015,2023-06-13
202,bored-ape-yacht-club,1d,1686700800000,45.35,79021.0145,206,9401.642799999994,16422964.480130013,2023-06-14
203,bored-ape-yacht-club,1d,1686787200000,45.33,78728.66518,230,10435.839000000009,18126379.627149984,2023-06-15
204,bored-ape-yacht-club,1d,1686873600000,45.05,74360.8815,122,5542.00999999999,9156214.262610005,2023-06-16
205,bored-ape-yacht-club,1d,1686960000000,44.69,73900.79443,146,6533.712199999999,10868910.571800005,2023-06-17
206,bored-ape-yacht-club,1d,1687046400000,43.44,73135.84828,68,2988.8379999999993,5073437.835070002,2023-06-18
207,bored-ape-yacht-club,1d,1687132800000,43.25,74317.41989,87,3769.5055000000007,6501506.721699994,2023-06-19
208,bored-ape-yacht-club,1d,1687219200000,40.0,68770.92648,156,6599.396800000005,11347557.433880005,2023-06-20
209,bored-ape-yacht-club,1d,1687305600000,39.99,68753.73375,116,4757.1686899999995,8250198.748609997,2023-06-21
210,bored-ape-yacht-club,1d,1687392000000,38.94,69710.01577,120,4717.811599999999,8443283.983999996,2023-06-22
211,bored-ape-yacht-club,1d,1687478400000,36.7,68369.16313,108,4213.994500000001,7913240.801299998,2023-06-23
212,bored-ape-yacht-club,1d,1687564800000,36.0,67439.52,164,6031.678200000002,11324478.154690007,2023-06-24
213,bored-ape-yacht-club,1d,1687651200000,33.912,63557.12254,196,6872.5059000000065,12880412.54678001,2023-06-25
214,bored-ape-yacht-club,1d,1687737600000,34.35,64378.01248,127,4847.05292,9084417.819699999,2023-06-26
215,bored-ape-yacht-club,1d,1687824000000,36.0,68369.30323,54,2008.3141999999993,3807694.522150001,2023-06-27
216,bored-ape-yacht-club,1d,1687910400000,35.93,66800.6967,90,3319.370099999999,6235037.85775,2023-06-28
217,bored-ape-yacht-club,1d,1687996800000,35.8,66580.92664,119,4361.276750000002,8205319.976930001,2023-06-29
218,bored-ape-yacht-club,1d,1688083200000,36.15,66098.76885,65,2409.7385500000005,4434049.828860001,2023-06-30
219,bored-ape-yacht-club,1d,1688169600000,35.4,65611.96171,87,3132.7633000000014,5785675.4610600015,2023-07-01
220,bored-ape-yacht-club,1d,1688256000000,32.6969,63237.29931,89,3050.2155999999995,5882304.288089999,2023-07-02
221,bored-ape-yacht-club,1d,1688342400000,27.99,54133.93953,195,6075.969590000001,11749117.939139992,2023-07-03
222,bored-ape-yacht-club,1d,1688428800000,27.03,52021.05252,118,3407.780500000003,6585739.326170001,2023-07-04
223,bored-ape-yacht-club,1d,1688515200000,29.666,57372.85383,116,3565.6493599999994,6961259.615350004,2023-07-05
224,bored-ape-yacht-club,1d,1688601600000,28.99,56153.64235,107,3281.2319999999986,6370188.382199999,2023-07-06
225,bored-ape-yacht-club,1d,1688688000000,27.6,52729.9452,144,4380.56435,8376257.462049996,2023-07-07
226,bored-ape-yacht-club,1d,1688774400000,30.14,56224.202,142,4964.858849999996,9251662.253640005,2023-07-08
227,bored-ape-yacht-club,1d,1688860800000,32.5,60752.80858,97,3394.38719,6340294.823370003,2023-07-09
228,bored-ape-yacht-club,1d,1688947200000,32.5,60621.6,63,2221.8161500000006,4145905.16797,2023-07-10
229,bored-ape-yacht-club,1d,1689033600000,32.05,59759.77204,50,1684.1103499999997,3140117.8275300004,2023-07-11
230,bored-ape-yacht-club,1d,1689120000000,32.79,61139.55899,79,2697.6858000000007,5070738.345700002,2023-07-12
231,bored-ape-yacht-club,1d,1689206400000,33.62,63146.21726,66,2232.59,4195117.032199998,2023-07-13
232,bored-ape-yacht-club,1d,1689292800000,32.92,61625.910800000005,57,2510.5582000000013,4704199.092400002,2023-07-14
233,bored-ape-yacht-club,1d,1689379200000,32.0,62179.81768,78,2630.0815000000016,5202350.522659999,2023-07-15
234,bored-ape-yacht-club,1d,1689465600000,32.25,63266.52707,28,941.35,1849299.8092900005,2023-07-16
235,bored-ape-yacht-club,1d,1689552000000,32.85,63446.14126,78,2630.6814,5087768.854350004,2023-07-17
236,bored-ape-yacht-club,1d,1689638400000,32.3,62114.06248,77,2596.6872999999996,5007926.5129200015,2023-07-18
237,bored-ape-yacht-club,1d,1689724800000,32.39,61933.65866,40,1307.0925999999995,2499314.9668199997,2023-07-19
238,bored-ape-yacht-club,1d,1689811200000,32.4689,61599.96828,26,865.9658999999999,1644870.9981100003,2023-07-20
239,bored-ape-yacht-club,1d,1689897600000,32.95,62237.607500000006,47,1723.4723000000006,3259617.63269,2023-07-21
240,bored-ape-yacht-club,1d,1689984000000,32.344,61105.05478,94,3094.5160000000005,5847352.515199997,2023-07-22
241,bored-ape-yacht-club,1d,1690070400000,32.8,62025.27576,90,2984.702000000002,5644686.025230003,2023-07-23
242,bored-ape-yacht-club,1d,1690156800000,31.4,58350.97155,100,3238.6790000000005,6034677.669739997,2023-07-24
243,bored-ape-yacht-club,1d,1690243200000,30.6,57767.50562,86,2742.594959999999,5164175.145819997,2023-07-25
244,bored-ape-yacht-club,1d,1690329600000,30.54,56497.1676,72,2219.0947000000006,4108580.128329997,2023-07-26
245,bored-ape-yacht-club,1d,1690416000000,30.1,55697.97764,79,2430.0949899999987,4507885.441610002,2023-07-27
246,bored-ape-yacht-club,1d,1690502400000,30.69,57009.63944,48,1578.4534000000006,2952088.2259099996,2023-07-28
247,bored-ape-yacht-club,1d,1690588800000,29.8,55391.55519,106,3252.900359999996,6048822.617479998,2023-07-29
248,bored-ape-yacht-club,1d,1690675200000,29.7,55670.37178,53,1838.4919000000002,3438512.6939300015,2023-07-30
249,bored-ape-yacht-club,1d,1690761600000,29.4895,54743.15,71,2136.419450000001,4005133.1045500026,2023-07-31
250,bored-ape-yacht-club,1d,1690848000000,28.887,53779.3452,68,2074.1001,3865139.0849,2023-08-01
251,bored-ape-yacht-club,1d,1690934400000,28.969,53766.753690000005,42,1251.6329500000002,2327132.5209899996,2023-08-02
252,bored-ape-yacht-club,1d,1691020800000,28.862,52945.03004,94,2800.4587,5225347.0007700045,2023-08-03
253,bored-ape-yacht-club,1d,1691107200000,29.0,53097.840000000004,49,1452.7766,2678563.35582,2023-08-04
254,bored-ape-yacht-club,1d,1691193600000,28.75,52776.41246,43,1280.4214,2351717.4604199994,2023-08-05
255,bored-ape-yacht-club,1d,1691280000000,28.8,52626.24,30,896.2399999999999,1638982.6041299999,2023-08-06
256,bored-ape-yacht-club,1d,1691366400000,28.75,52568.25933,18,524.5999999999999,960964.4935099998,2023-08-07
257,bored-ape-yacht-club,1d,1691452800000,28.88,52709.0328,13,384.81,704914.57956,2023-08-08
258,bored-ape-yacht-club,1d,1691539200000,28.9999,52923.947503,26,815.478,1489768.21873,2023-08-09
259,bored-ape-yacht-club,1d,1691625600000,29.04,53054.14843,29,923.8400000000001,1707381.13497,2023-08-10
260,bored-ape-yacht-club,1d,1691712000000,29.249,53632.11103,31,947.4097999999998,1758393.6290599995,2023-08-11
261,bored-ape-yacht-club,1d,1691798400000,29.8,55156.13427,17,540.9095,1001592.9374799998,2023-08-12
262,bored-ape-yacht-club,1d,1691884800000,28.88,53346.2696,67,2004.0071600000024,3703342.4473700016,2023-08-13
263,bored-ape-yacht-club,1d,1691971200000,28.63,52895.12274,50,1459.8016000000002,2697626.46788,2023-08-14
264,bored-ape-yacht-club,1d,1692057600000,28.76,52903.1572,38,1099.0707999999997,2027203.1357500006,2023-08-15
265,bored-ape-yacht-club,1d,1692144000000,28.58,52687.61271,49,1431.9480499999997,2636318.74126,2023-08-16
266,bored-ape-yacht-club,1d,1692230400000,28.35,51846.003,46,1350.21887,2482048.31683,2023-08-17
267,bored-ape-yacht-club,1d,1692316800000,27.989,50534.41939,80,2328.3338900000012,4214264.210650001,2023-08-18
268,bored-ape-yacht-club,1d,1692403200000,25.0,41896.55428,70,1903.2559999999996,3224205.0506899985,2023-08-19
269,bored-ape-yacht-club,1d,1692489600000,23.8,39524.16282,73,1820.1985699999998,3023705.347009999,2023-08-20
270,bored-ape-yacht-club,1d,1692576000000,22.89,38208.75378,107,2754.35836,4594521.165509998,2023-08-21
271,bored-ape-yacht-club,1d,1692662400000,22.93,38105.43317,86,2022.4634000000012,3383267.294449999,2023-08-22
272,bored-ape-yacht-club,1d,1692748800000,21.99,36536.4498,165,4013.219900000002,6692360.068079998,2023-08-23
273,bored-ape-yacht-club,1d,1692835200000,22.39,36672.8049,44,1092.8000000000002,1805310.97225,2023-08-24
274,bored-ape-yacht-club,1d,1692921600000,22.999,37805.62272,49,1171.0292,1945210.5968700002,2023-08-25
275,bored-ape-yacht-club,1d,1693008000000,23.0,38134.92,63,1633.0670000000005,2720550.092649999,2023-08-26
276,bored-ape-yacht-club,1d,1693094400000,24.75,40908.780000000006,48,1388.3390700000002,2299987.6700800005,2023-08-27
277,bored-ape-yacht-club,1d,1693180800000,25.5,41970.5775,24,681.4890000000001,1123169.1354500002,2023-08-28
278,bored-ape-yacht-club,1d,1693267200000,25.39,41770.554,21,541.8199999999999,895741.9403599999,2023-08-29
279,bored-ape-yacht-club,1d,1693353600000,25.8,42459.060000000005,22,614.8447299999999,1016706.02167,2023-08-30
280,bored-ape-yacht-club,1d,1693440000000,26.249,43727.10207,58,1580.7417,2734983.889689999,2023-08-31
281,bored-ape-yacht-club,1d,1693526400000,27.95,46011.5695,32,952.2891000000002,1625241.47684,2023-09-01
282,bored-ape-yacht-club,1d,1693612800000,26.999,43802.195,64,1827.8520000000015,3008761.6712599983,2023-09-02
283,bored-ape-yacht-club,1d,1693699200000,26.849,43719.586500000005,22,597.3137500000001,981499.9287000003,2023-09-03
284,bored-ape-yacht-club,1d,1693785600000,26.6,43374.11667,48,1306.6719999999998,2131258.30631,2023-09-04
285,bored-ape-yacht-club,1d,1693872000000,26.169,42580.752,32,880.7290000000002,1440351.9196900001,2023-09-05
286,bored-ape-yacht-club,1d,1693958400000,26.3,42576.83518,26,712.03,1162700.48728,2023-09-06
287,bored-ape-yacht-club,1d,1694044800000,26.4,43048.56724,24,672.3749999999999,1097910.81924,2023-09-07
288,bored-ape-yacht-club,1d,1694131200000,27.0,44070.21,49,1324.7507000000005,2163188.618539999,2023-09-08
289,bored-ape-yacht-club,1d,1694217600000,26.99,44088.36523,9,252.4563,415484.07018999994,2023-09-09
290,bored-ape-yacht-club,1d,1694304000000,27.19,44338.733,6,193.94,318743.18247000006,2023-09-10
291,bored-ape-yacht-club,1d,1694390400000,26.66,43280.11701,67,1792.6486000000023,2933242.79518,2023-09-11
292,bored-ape-yacht-club,1d,1694476800000,26.1,40258.467000000004,40,1075.7299999999998,1751187.1389199991,2023-09-12
293,bored-ape-yacht-club,1d,1694563200000,25.29,39196.80467,42,1114.4499999999998,1757457.0744299998,2023-09-13
294,bored-ape-yacht-club,1d,1694649600000,23.45,37384.424199999994,72,1803.0689999999995,2873481.8710600017,2023-09-14
295,bored-ape-yacht-club,1d,1694736000000,22.79,36640.31932,63,1507.369000000001,2417860.82862,2023-09-15
296,bored-ape-yacht-club,1d,1694822400000,23.6,38248.05602,20,476.63994999999994,774314.7994799999,2023-09-16
297,bored-ape-yacht-club,1d,1694908800000,23.9,38871.82855,18,650.32,1058451.8798800001,2023-09-17
298,bored-ape-yacht-club,1d,1694995200000,24.0,38963.76,13,318.41445000000004,522623.87348000007,2023-09-18
299,bored-ape-yacht-club,1d,1695081600000,24.15,39182.86246,12,408.0800000000001,662679.56658,2023-09-19
300,bored-ape-yacht-club,1d,1695168000000,24.2,39426.23428,26,638.43,1040987.1770000001,2023-09-20
301,bored-ape-yacht-club,1d,1695254400000,24.29,39753.85465,30,769.5668,1264935.7316600003,2023-09-21
302,bored-ape-yacht-club,1d,1695340800000,23.333,37835.22844,50,1219.9979999999994,1985458.3248400001,2023-09-22
303,bored-ape-yacht-club,1d,1695427200000,23.55,37299.06102,33,791.5158000000001,1256767.4268800002,2023-09-23
304,bored-ape-yacht-club,1d,1695513600000,23.55,37299.06102,21,498.29999999999995,790123.9260599999,2023-09-24
305,bored-ape-yacht-club,1d,1695600000000,23.65,37366.526999999995,60,1472.7521999999997,2346777.609210002,2023-09-25
306,bored-ape-yacht-club,1d,1695686400000,23.65,37198.9125,94,2265.9649999999983,3598274.5721699963,2023-09-26
307,bored-ape-yacht-club,1d,1695772800000,23.77,37567.95719,37,969.5999,1535101.7029299997,2023-09-27
308,bored-ape-yacht-club,1d,1695859200000,23.999,38121.71992,27,658.0585999999998,1046608.5666199999,2023-09-28
309,bored-ape-yacht-club,1d,1695945600000,24.0,38219.66702,19,453.71999999999997,723376.2780299999,2023-09-29
310,bored-ape-yacht-club,1d,1696032000000,24.0,38219.66702,7,180.7464,294705.16317,2023-09-30
311,bored-ape-yacht-club,1d,1696118400000,24.229,40032.7187,16,421.62740000000014,698483.6302,2023-10-01
312,bored-ape-yacht-club,1d,1696204800000,24.1,40032.7187,37,929.8589899999997,1550904.06539,2023-10-02
313,bored-ape-yacht-club,1d,1696291200000,24.45,40767.64483,52,1381.9840000000004,2342672.2355300006,2023-10-03
314,bored-ape-yacht-club,1d,1696377600000,25.9,43104.679950000005,15,390.2900000000001,671306.5265899999,2023-10-04
315,bored-ape-yacht-club,1d,1696464000000,26.0,42753.888,18,506.72057,838989.92637,2023-10-05
316,bored-ape-yacht-club,1d,1696550400000,26.19,42610.128,25,690.46995,1138019.8817999999,2023-10-06
317,bored-ape-yacht-club,1d,1696636800000,26.09,42083.03665,8,222.24,358471.98412,2023-10-07
318,bored-ape-yacht-club,1d,1696723200000,25.94,42018.51686,15,391.3769000000001,643361.8338299998,2023-10-08
319,bored-ape-yacht-club,1d,1696809600000,25.9,42249.375,17,453.49999999999994,746639.4077900001,2023-10-09
320,bored-ape-yacht-club,1d,1696896000000,25.7,40461.2325,42,1096.9942,1792639.7101199997,2023-10-10
321,bored-ape-yacht-club,1d,1696982400000,25.2,39678.356,43,1375.9065899999998,2223069.81044,2023-10-11
322,bored-ape-yacht-club,1d,1697068800000,25.249,39331.886,35,910.5349999999999,1431744.8398500006,2023-10-12
323,bored-ape-yacht-club,1d,1697155200000,25.18,38808.242181600006,100,2525.0200000000023,3952710.3620100026,2023-10-13
324,bored-ape-yacht-club,1d,1697241600000,24.449,37573.53627,65,1679.9819999999997,2599100.3560099998,2023-10-14
325,bored-ape-yacht-club,1d,1697328000000,24.16,37129.39737,54,1338.9439,2061317.067720001,2023-10-15
326,bored-ape-yacht-club,1d,1697414400000,24.53,38036.11692,25,616.1407999999999,955794.2884600001,2023-10-16
327,bored-ape-yacht-club,1d,1697500800000,24.68995,38461.03804,77,1949.6579500000014,3034923.7563800025,2023-10-17
328,bored-ape-yacht-club,1d,1697587200000,24.58,38354.1404,88,2196.277210000002,3509232.26409,2023-10-18
329,bored-ape-yacht-club,1d,1697673600000,24.2,37874.46623,46,1213.1399500000007,1899537.4744999988,2023-10-19
330,bored-ape-yacht-club,1d,1697760000000,24.38995,37742.2281275,51,1292.64382,2021786.95349,2023-10-20
331,bored-ape-yacht-club,1d,1697846400000,25.688,40177.86065,95,2547.3281900000015,3994479.0161900003,2023-10-21
332,bored-ape-yacht-club,1d,1697932800000,25.87,40573.85305,101,2626.293000000001,4137394.807279997,2023-10-22
333,bored-ape-yacht-club,1d,1698019200000,26.32,41280.66144,80,2103.894,3378525.531719997,2023-10-23
334,bored-ape-yacht-club,1d,1698105600000,25.96,41280.66144,109,2840.252200000001,4700187.112030001,2023-10-24
335,bored-ape-yacht-club,1d,1698192000000,26.15,43528.52218,47,1304.6308999999999,2264948.2009900007,2023-10-25
336,bored-ape-yacht-club,1d,1698278400000,26.129,46205.87549,56,1466.2659999999998,2605553.7400599993,2023-10-26
337,bored-ape-yacht-club,1d,1698364800000,26.28,41716.83446,82,2221.837000000001,3966555.499499997,2023-10-27
338,bored-ape-yacht-club,1d,1698451200000,27.149,43914.49112,74,2162.0676700000004,3900694.211070001,2023-10-28
339,bored-ape-yacht-club,1d,1698537600000,28.5,50746.25674,84,2503.8915499999994,4464670.265870001,2023-10-29
340,bored-ape-yacht-club,1d,1698624000000,28.698,50977.79464,95,2747.123990000001,4882770.758130002,2023-10-30
341,bored-ape-yacht-club,1d,1698710400000,29.049,49820.3733,110,3314.2092,5954376.005890001,2023-10-31
342,bored-ape-yacht-club,1d,1698796800000,30.24,54292.49420000001,93,2989.5780500000014,5406924.166490001,2023-11-01
343,bored-ape-yacht-club,1d,1698883200000,30.05,54594.93463,148,4585.678960000002,8324611.249969995,2023-11-02
344,bored-ape-yacht-club,1d,1698969600000,29.6,53482.275,177,5367.074840000005,9897536.742400015,2023-11-03
345,bored-ape-yacht-club,1d,1699056000000,28.3,50965.67319,108,3199.1208500000007,5799522.55959,2023-11-04
346,bored-ape-yacht-club,1d,1699142400000,27.558,50546.1411,140,3999.4833099999996,7280442.611229997,2023-11-05
347,bored-ape-yacht-club,1d,1699228800000,27.53,50641.5181,62,1737.7806,3208827.847999999,2023-11-06
348,bored-ape-yacht-club,1d,1699315200000,27.7578,51730.06825,93,2639.888160000002,4991384.111120001,2023-11-07
349,bored-ape-yacht-club,1d,1699401600000,27.74,51697.177800000005,94,2675.1170000000016,5078379.587849996,2023-11-08
350,bored-ape-yacht-club,1d,1699488000000,28.15,53089.210999999996,138,4155.9246,7847041.250759999,2023-11-09
351,bored-ape-yacht-club,1d,1699574400000,30.86,52181.68499,101,3360.46649,6356029.622739999,2023-11-10
352,bored-ape-yacht-club,1d,1699660800000,29.2,57217.62631,136,4304.388400000003,8664475.619010005,2023-11-11
353,bored-ape-yacht-club,1d,1699747200000,30.99,63879.8596,92,2952.067790000001,6283799.56261,2023-11-12
354,bored-ape-yacht-club,1d,1699833600000,29.29,60096.20715,97,2891.633849999999,5983176.367540002,2023-11-13
355,bored-ape-yacht-club,1d,1699920000000,29.2,59502.299999999996,80,2418.386489999999,4950246.187879996,2023-11-14
356,bored-ape-yacht-club,1d,1700006400000,29.3899,58006.1613,102,3084.090300000002,6350963.109320001,2023-11-15
357,bored-ape-yacht-club,1d,1700092800000,29.35,57942.385,38,1150.0660499999997,2309459.5489499997,2023-11-16
358,bored-ape-yacht-club,1d,1700179200000,29.3,57290.143500000006,26,806.23,1650074.4431000003,2023-11-17
359,bored-ape-yacht-club,1d,1700265600000,29.18,56512.265,13,426.43,852773.6301000001,2023-11-18
360,bored-ape-yacht-club,1d,1700352000000,28.99,56616.097,25,767.99,1504810.0038399997,2023-11-19
361,bored-ape-yacht-club,1d,1700438400000,28.15,54987.83685,12,365.73207,715843.3845299999,2023-11-20
362,bored-ape-yacht-club,1d,1700524800000,27.2,54702.64681,30,845.8879099999999,1694443.5908599999,2023-11-21
363,bored-ape-yacht-club,1d,1700611200000,26.27,51611.880900000004,43,1157.9005199999997,2340183.5910399994,2023-11-22
364,bored-ape-yacht-club,1d,1700697600000,26.06,50921.6934,52,1459.9222399999996,2867022.1818699995,2023-11-23
365,bored-ape-yacht-club,1d,1700784000000,27.27,52915.92997,72,2066.6881999999996,4109934.34922,2023-11-24
366,bored-ape-yacht-club,1d,1700870400000,29.05,56835.62848,127,3728.234099999997,7690755.923999993,2023-11-25
367,bored-ape-yacht-club,1d,1700956800000,29.679,59174.88167,151,4579.8534,9511027.728750002,2023-11-26
368,bored-ape-yacht-club,1d,1701043200000,29.89,61626.138000000006,118,3554.6197599999996,7408858.11643,2023-11-27
369,bored-ape-yacht-club,1d,1701129600000,29.45,59967.2273865,121,3675.565849999999,7627704.9437799975,2023-11-28
370,bored-ape-yacht-club,1d,1701216000000,29.01,58890.31468,128,3779.690769999998,7716893.79214,2023-11-29
371,bored-ape-yacht-club,1d,1701302400000,29.3,59325.468,65,2013.9790000000007,4113764.8629900008,2023-11-30
372,bored-ape-yacht-club,1d,1701388800000,28.5,57739.21385,163,4835.346079999998,9848779.709570002,2023-12-01
373,bored-ape-yacht-club,1d,1701475200000,28.59995,57941.70426,60,1725.066650000001,3537169.496550003,2023-12-02
374,bored-ape-yacht-club,1d,1701561600000,29.09495,59074.30655,78,2268.6970200000014,4668740.208200006,2023-12-03
375,bored-ape-yacht-club,1d,1701648000000,29.6,60271.63551,69,2068.38248,4457408.603699998,2023-12-04
376,bored-ape-yacht-club,1d,1701734400000,29.83,64590.83579,134,4021.252289999997,8750484.544289997,2023-12-05
377,bored-ape-yacht-club,1d,1701820800000,29.547,65660.166,150,4484.660200000003,10008645.806359999,2023-12-06
378,bored-ape-yacht-club,1d,1701907200000,29.298,65333.37896,107,3184.451500000001,7207311.522619999,2023-12-07
379,bored-ape-yacht-club,1d,1701993600000,29.0,64728.73776,54,1588.623989999999,3572974.2529599993,2023-12-08
380,bored-ape-yacht-club,1d,1702080000000,29.224,65228.71146,65,1926.02139,4433655.312820002,2023-12-09
381,bored-ape-yacht-club,1d,1702166400000,29.26,68889.3616,49,1438.5918999999992,3394301.0099300025,2023-12-10
382,bored-ape-yacht-club,1d,1702252800000,28.99,68272.430365,49,1433.4429000000007,3380421.58255,2023-12-11
383,bored-ape-yacht-club,1d,1702339200000,29.0,63754.728344999996,114,3324.7499999999977,7792766.154290006,2023-12-12
384,bored-ape-yacht-club,1d,1702425600000,28.84,63018.6876,52,1502.8194899999994,3365591.447620001,2023-12-13
385,bored-ape-yacht-club,1d,1702512000000,27.941,61061.7215,52,1463.7835499999992,3244408.3454299998,2023-12-14
386,bored-ape-yacht-club,1d,1702598400000,27.599,60859.03025,32,899.0195,2018520.7014600001,2023-12-15
387,bored-ape-yacht-club,1d,1702684800000,27.2902,60821.806500000006,14,392.7332399999999,897115.0990699998,2023-12-16
388,bored-ape-yacht-club,1d,1702771200000,26.651,59139.63504,42,1161.7722,2682135.6906199995,2023-12-17
389,bored-ape-yacht-club,1d,1702857600000,26.0,57718.74207,63,1664.7797000000005,3700094.8452000003,2023-12-18
390,bored-ape-yacht-club,1d,1702944000000,25.8,55002.246,30,779.9879000000003,1720790.5138000005,2023-12-19
391,bored-ape-yacht-club,1d,1703030400000,25.899,55709.61724,29,771.8017,1710265.3003200009,2023-12-20
392,bored-ape-yacht-club,1d,1703116800000,25.995,56474.39745000001,14,373.40369000000004,814924.1677900001,2023-12-21
393,bored-ape-yacht-club,1d,1703203200000,26.394,57455.49947,23,609.9889999999999,1336820.55959,2023-12-22
394,bored-ape-yacht-club,1d,1703289600000,25.999,57706.36343,9,233.0609,517901.24049,2023-12-23
395,bored-ape-yacht-club,1d,1703376000000,25.908,61577.38952,5,134.76899999999998,313614.06169,2023-12-24
396,bored-ape-yacht-club,1d,1703462400000,25.909,60291.51158,12,336.71099000000004,780659.9904200002,2023-12-25
397,bored-ape-yacht-club,1d,1703548800000,26.24999,59945.40325,43,1165.25044,2680825.88687,2023-12-26
398,bored-ape-yacht-club,1d,1703635200000,26.467,59945.40325,33,899.1651499999997,2042512.6084300003,2023-12-27
399,bored-ape-yacht-club,1d,1703721600000,26.299,58669.81276,84,2265.1786799999977,5106865.493180002,2023-12-28
400,bored-ape-yacht-club,1d,1703808000000,26.5,59341.30649,24,638.4853000000003,1459071.8940100002,2023-12-29
401,bored-ape-yacht-club,1d,1703894400000,26.5,60378.130000000005,8,210.9,494615.48353,2023-12-30
402,bored-ape-yacht-club,1d,1703980800000,26.3,60123.73,22,585.12599,1363895.6179100003,2023-12-31
403,bored-ape-yacht-club,1d,1704067200000,26.17,59949.32005,75,2000.4336999999991,4592062.979630004,2024-01-01
404,bored-ape-yacht-club,1d,1704153600000,26.19,60088.86952,41,1053.6999999999998,2404690.30257,2024-01-02
405,bored-ape-yacht-club,1d,1704240000000,26.15,59620.45739,144,3781.1279999999956,8646200.0449,2024-01-03
406,bored-ape-yacht-club,1d,1704326400000,26.5,58276.68,73,1944.0571000000011,4584063.833410004,2024-01-04
407,bored-ape-yacht-club,1d,1704412800000,26.7,59038.26111,16,401.61260000000004,887530.28245,2024-01-05
408,bored-ape-yacht-club,1d,1704499200000,26.15,58596.02694,48,1291.4942000000003,2911645.4532,2024-01-06
409,bored-ape-yacht-club,1d,1704585600000,26.1,58346.461026000004,27,722.7899999999998,1638729.1051999999,2024-01-07
410,bored-ape-yacht-club,1d,1704672000000,24.9,55813.61959,63,1631.8496999999993,3692382.358009999,2024-01-08
411,bored-ape-yacht-club,1d,1704758400000,24.69,54815.54207,61,1553.3668,3470755.9186799997,2024-01-09
412,bored-ape-yacht-club,1d,1704844800000,23.29,53363.33,46,1131.7413,2576805.1579300007,2024-01-10
413,bored-ape-yacht-club,1d,1704931200000,22.59,52886.8185,53,1227.32989,2868444.84191,2024-01-11
414,bored-ape-yacht-club,1d,1705017600000,21.9,52603.53806,86,1940.6188999999995,4955715.046849998,2024-01-12
415,bored-ape-yacht-club,1d,1705104000000,21.99,56425.60440000001,75,1763.6891699999987,4617158.386149999,2024-01-13
416,bored-ape-yacht-club,1d,1705190400000,21.88,55236.09706,39,926.1055799999999,2346087.6923499997,2024-01-14
417,bored-ape-yacht-club,1d,1705276800000,24.1,60840.49083,54,1345.4548000000002,3423635.2533399975,2024-01-15
418,bored-ape-yacht-club,1d,1705363200000,23.749,58848.53717,92,2250.787330000001,5614677.659699997,2024-01-16
419,bored-ape-yacht-club,1d,1705449600000,24.3,60213.88071,26,658.1777999999999,1652470.21632,2024-01-17
420,bored-ape-yacht-club,1d,1705536000000,23.5,60404.30565,79,1914.9828799999998,4953471.25936,2024-01-18
421,bored-ape-yacht-club,1d,1705622400000,24.3,59805.457785000006,65,1627.3155900000004,4180693.253150001,2024-01-19
422,bored-ape-yacht-club,1d,1705708800000,24.25,59292.1215,34,861.1247,2136253.6968099996,2024-01-20
423,bored-ape-yacht-club,1d,1705795200000,24.389,60175.68647,94,2319.1121899999994,5735141.402009998,2024-01-21
424,bored-ape-yacht-club,1d,1705881600000,24.4,60197.60599999999,64,1574.2056500000003,3907116.9223899976,2024-01-22
425,bored-ape-yacht-club,1d,1705968000000,25.197,59986.27725424743,46,1176.23088,2892189.12625,2024-01-23
426,bored-ape-yacht-club,1d,1706054400000,25.6,55952.128000000004,15,385.1612,892538.8829999998,2024-01-24
427,bored-ape-yacht-club,1d,1706140800000,25.2899,56473.04255365946,27,682.7110699999998,1547436.2251500003,2024-01-25
428,bored-ape-yacht-club,1d,1706227200000,25.28989,56505.201227000005,15,384.45029,860466.4567999999,2024-01-26
429,bored-ape-yacht-club,1d,1706313600000,25.08995,55690.01639,31,783.37895,1746623.4229199993,2024-01-27
430,bored-ape-yacht-club,1d,1706400000000,25.35977,56755.05514,14,352.3036,795240.66303,2024-01-28
431,bored-ape-yacht-club,1d,1706486400000,25.0,56223.12500000001,8,206.05,467350.27422,2024-01-29
432,bored-ape-yacht-club,1d,1706572800000,24.75,55862.09801,5,123.28,278780.62213000003,2024-01-30
433,bored-ape-yacht-club,1d,1706659200000,24.43,55297.83439,7,172.89,393118.7233,2024-01-31
434,bored-ape-yacht-club,1d,1706745600000,24.05,54898.12,14,350.91008000000005,812842.8921899999,2024-02-01
435,bored-ape-yacht-club,1d,1706832000000,23.8,54323.16363,13,323.568,743867.35843,2024-02-02
436,bored-ape-yacht-club,1d,1706918400000,24.3,55607.14800000001,6,155.4799,357873.88278,2024-02-03
437,bored-ape-yacht-club,1d,1707004800000,24.598,56453.02495,4,96.472,222610.30156,2024-02-04
438,bored-ape-yacht-club,1d,1707091200000,24.4,55742.718915000005,5,122.97,282181.21728999994,2024-02-05
439,bored-ape-yacht-club,1d,1707177600000,23.469,53854.68804,15,428.6884,982579.8489999999,2024-02-06
440,bored-ape-yacht-club,1d,1707264000000,24.4,56081.60434,4,96.97999999999999,222925.00757000002,2024-02-07
441,bored-ape-yacht-club,1d,1707350400000,24.2,56087.54573,6,157.3626,367878.26162999996,2024-02-08
442,bored-ape-yacht-club,1d,1707436800000,24.29,57843.16471,7,418.5817,1011017.73405,2024-02-09
443,bored-ape-yacht-club,1d,1707523200000,23.5,56892.76118,14,335.7659,813437.18196,2024-02-10
444,bored-ape-yacht-club,1d,1707609600000,23.29,56384.35779,28,670.0868999999999,1634248.5161800003,2024-02-11
445,bored-ape-yacht-club,1d,1707696000000,22.8,56723.00045,38,877.7180000000003,2184449.05232,2024-02-12
446,bored-ape-yacht-club,1d,1707782400000,22.921,56936.90662,21,508.4979000000001,1272625.1621600003,2024-02-13
447,bored-ape-yacht-club,1d,1707868800000,22.79,57418.86552,17,413.90559,1081412.81941,2024-02-14
448,bored-ape-yacht-club,1d,1707955200000,22.7995,59815.9702175,32,751.9494900000002,1989130.4588999995,2024-02-15
449,bored-ape-yacht-club,1d,1708041600000,22.65,57585.68795,76,1749.368750000001,4820824.873639996,2024-02-16
450,bored-ape-yacht-club,1d,1708128000000,22.69,62969.17455000001,47,1100.1971400000002,3097412.508919999,2024-02-17
451,bored-ape-yacht-club,1d,1708214400000,21.88,60886.46059999999,105,2452.220199999998,6895329.457870004,2024-02-18
452,bored-ape-yacht-club,1d,1708300800000,21.92,61125.2644,89,1988.127189999999,5567341.495480005,2024-02-19
453,bored-ape-yacht-club,1d,1708387200000,20.88,59471.64753,98,2213.8035000000004,6227352.501160002,2024-02-20
454,bored-ape-yacht-club,1d,1708473600000,20.77,59712.61338,60,1300.73638,3816160.5563299987,2024-02-21
455,bored-ape-yacht-club,1d,1708560000000,21.419,63190.52831519999,96,2207.370220000001,6656086.585159999,2024-02-22
456,bored-ape-yacht-club,1d,1708646400000,22.11,65823.2834,81,1987.521850000001,5950236.650309999,2024-02-23
457,bored-ape-yacht-club,1d,1708732800000,21.924,64046.512310000006,31,688.219,2047307.6422400004,2024-02-24
458,bored-ape-yacht-club,1d,1708819200000,21.677,63283.617029999994,23,500.1509999999999,1468758.3782499998,2024-02-25
459,bored-ape-yacht-club,1d,1708905600000,21.848,63933.49463,35,787.352,2329849.3899200005,2024-02-26
460,bored-ape-yacht-club,1d,1708992000000,22.449,67225.18787,27,640.8479000000002,1973342.24787,2024-02-27
461,bored-ape-yacht-club,1d,1709078400000,22.387,71048.05362,41,940.3634999999998,2973283.016510001,2024-02-28
462,bored-ape-yacht-club,1d,1709164800000,22.499,72263.55389,34,783.5548899999998,2526013.1304499996,2024-02-29
463,bored-ape-yacht-club,1d,1709251200000,22.21,72070.71935,24,542.865,1816575.55074,2024-03-01
464,bored-ape-yacht-club,1d,1709337600000,21.9,73314.42134,14,312.69000000000005,1051173.2278200001,2024-03-02
465,bored-ape-yacht-club,1d,1709424000000,21.2,72274.086,20,430.2926999999999,1467066.6151000003,2024-03-03
466,bored-ape-yacht-club,1d,1709510400000,20.6,70334.37770000001,24,502.227,1720220.60328,2024-03-04
467,bored-ape-yacht-club,1d,1709596800000,18.89,65873.03671,69,1337.0923800000005,4648831.356270006,2024-03-05
468,bored-ape-yacht-club,1d,1709683200000,17.6942,60755.28829999999,111,2028.7486000000006,7121808.75254,2024-03-06
469,bored-ape-yacht-club,1d,1709769600000,17.55,61774.68000000001,177,3208.608619999999,11615499.729470009,2024-03-07
470,bored-ape-yacht-club,1d,1709856000000,17.589,62995.61706,71,1526.32289,5578004.994740001,2024-03-08
471,bored-ape-yacht-club,1d,1709942400000,17.349,67000.12043,86,2017.3253799999984,7744978.418119998,2024-03-09
472,bored-ape-yacht-club,1d,1710028800000,17.1,66038.50708,29,515.0452,1991029.6425800002,2024-03-10
473,bored-ape-yacht-club,1d,1710115200000,16.7,64537.67255999999,48,829.0372000000006,3228651.9288899982,2024-03-11
474,bored-ape-yacht-club,1d,1710201600000,15.15,58895.21754,69,1131.0613200000005,4411306.10231,2024-03-12
475,bored-ape-yacht-club,1d,1710288000000,12.399,48368.25984,236,3234.2439899999986,13091626.560940014,2024-03-13
476,bored-ape-yacht-club,1d,1710374400000,12.897,51933.502179999996,153,2205.04997,8910279.77933,2024-03-14
477,bored-ape-yacht-club,1d,1710460800000,13.3,52042.798559999996,44,611.7478,2439445.5074099996,2024-03-15
478,bored-ape-yacht-club,1d,1710547200000,13.489,49481.974949999996,49,682.0928999999999,2696658.313479999,2024-03-16
479,bored-ape-yacht-club,1d,1710633600000,13.289,46259.35366,49,694.6274800000001,2679433.71043,2024-03-17
480,bored-ape-yacht-club,1d,1710720000000,12.99,46542.68168,143,2025.5444499999996,7273588.530450001,2024-03-18
481,bored-ape-yacht-club,1d,1710806400000,13.155,47225.020659999995,69,948.3809999999997,3374990.91945,2024-03-19
482,bored-ape-yacht-club,1d,1710892800000,12.74,40268.8468,99,1347.258190000001,4839598.4517,2024-03-20
483,bored-ape-yacht-club,1d,1710979200000,12.915,39647.53202,93,1267.5737899999992,4123869.8102899995,2024-03-21
484,bored-ape-yacht-club,1d,1711065600000,13.387,47239.0384,154,2171.989979999997,7184530.123760001,2024-03-22
485,bored-ape-yacht-club,1d,1711152000000,13.998,46562.29623000001,39,564.0382000000001,1973643.0652,2024-03-23
486,bored-ape-yacht-club,1d,1711238400000,13.68,45808.5744,59,855.5802499999999,2942058.2793299994,2024-03-24
487,bored-ape-yacht-club,1d,1711324800000,13.257,44696.8706,128,1751.4952100000019,5827798.469439997,2024-03-25
488,bored-ape-yacht-club,1d,1711411200000,13.33,45840.65607,53,755.2009000000002,2572865.02866,2024-03-26
489,bored-ape-yacht-club,1d,1711497600000,13.479,48095.228639999994,119,1613.4430700000007,5767432.070360005,2024-03-27
490,bored-ape-yacht-club,1d,1711584000000,12.547,43802.3865,129,1642.579000000002,5897825.9308400005,2024-03-28
491,bored-ape-yacht-club,1d,1711670400000,12.349,43894.89097,113,1450.1685900000007,5161734.351790001,2024-03-29
492,bored-ape-yacht-club,1d,1711756800000,12.369,43367.5872,46,603.3477899999999,2125466.11864,2024-03-30
493,bored-ape-yacht-club,1d,1711843200000,12.0,42726.840000000004,72,897.0137999999997,3181537.602359999,2024-03-31
494,bored-ape-yacht-club,1d,1711929600000,11.647,42150.340749999996,89,1075.7332999999999,3780639.754649998,2024-04-01
495,bored-ape-yacht-club,1d,1712016000000,12.0,41232.0875,33,417.8904999999999,1498752.2807400003,2024-04-02
496,bored-ape-yacht-club,1d,1712102400000,11.2838,36911.191739999995,91,1092.157600000001,3901128.525299999,2024-04-03
497,bored-ape-yacht-club,1d,1712188800000,11.5,38056.605,43,592.3648999999999,2013915.84797,2024-04-04
498,bored-ape-yacht-club,1d,1712275200000,10.36,34934.6452,170,2043.3654299999992,6765806.96437,2024-04-05
499,bored-ape-yacht-club,1d,1712361600000,11.31055,37032.041413249994,142,1667.6465999999987,5546738.083059999,2024-04-06
500,bored-ape-yacht-club,1d,1712448000000,11.378,37761.93219,76,953.3783800000004,3172807.931009999,2024-04-07
501,bored-ape-yacht-club,1d,1712534400000,11.81,40022.731850000004,101,1215.3357799999994,4041873.542259998,2024-04-08
502,bored-ape-yacht-club,1d,1712620800000,11.539,40528.49832,107,1305.1731000000002,4500859.523289999,2024-04-09
503,bored-ape-yacht-club,1d,1712707200000,12.275,43066.6665,63,810.1084500000001,2942767.6442199997,2024-04-10
504,bored-ape-yacht-club,1d,1712793600000,12.015,41724.11808,83,1030.9424999999992,3739695.5126399994,2024-04-11
505,bored-ape-yacht-club,1d,1712880000000,11.831,41338.70668,124,1509.381999999999,5324704.266929998,2024-04-12
506,bored-ape-yacht-club,1d,1712966400000,11.6,37300.901999999995,58,700.5733000000004,2468365.1668599998,2024-04-13
507,bored-ape-yacht-club,1d,1713052800000,11.1,32465.816600000002,82,946.3105800000003,3299359.41586,2024-04-14
508,bored-ape-yacht-club,1d,1713139200000,10.428,31331.23116,124,1342.9889999999987,4312655.127759998,2024-04-15
509,bored-ape-yacht-club,1d,1713225600000,10.036,31806.52164,202,2150.77087,6711849.509080004,2024-04-16
510,bored-ape-yacht-club,1d,1713312000000,10.69996,32452.86411,65,761.1100100000002,2369288.288720001,2024-04-17
511,bored-ape-yacht-club,1d,1713398400000,10.495,32043.384000000002,63,697.6638000000002,2156900.7718599993,2024-04-18
512,bored-ape-yacht-club,1d,1713484800000,10.8,32380.236000000004,92,1112.0403900000003,3321750.8248700006,2024-04-19
513,bored-ape-yacht-club,1d,1713571200000,11.811,34507.68775999999,36,430.508,1294894.5937599996,2024-04-20
514,bored-ape-yacht-club,1d,1713657600000,11.811,35750.36157,10,131.3588,402677.90605999995,2024-04-21
515,bored-ape-yacht-club,1d,1713744000000,11.888,37272.4464,29,351.56877,1085399.9267699998,2024-04-22
516,bored-ape-yacht-club,1d,1713830400000,11.65,37106.35675,52,641.0371200000002,2017677.1425400001,2024-04-23
517,bored-ape-yacht-club,1d,1713916800000,12.2,38737.988999999994,44,560.9658900000002,1778145.5781200007,2024-04-24
518,bored-ape-yacht-club,1d,1714003200000,12.633,40221.29405,50,655.3741999999997,2105926.09192,2024-04-25
519,bored-ape-yacht-club,1d,1714089600000,13.44,42228.32727749999,105,1632.6288000000004,5169951.4601099985,2024-04-26
520,bored-ape-yacht-club,1d,1714176000000,16.249,50672.506499999996,103,1795.9854000000003,5655073.258649997,2024-04-27
521,bored-ape-yacht-club,1d,1714262400000,15.338,48749.12031,69,1106.3619999999992,3487129.398069999,2024-04-28
522,bored-ape-yacht-club,1d,1714348800000,14.55,48297.77925,67,1013.8140000000001,3235926.03884,2024-04-29
523,bored-ape-yacht-club,1d,1714435200000,12.9469,41007.234246,100,1396.26346,4550777.864680001,2024-04-30
524,bored-ape-yacht-club,1d,1714521600000,12.58,37261.205200000004,52,678.59702,2183313.825409999,2024-05-01
525,bored-ape-yacht-club,1d,1714608000000,12.1,34926.892,73,930.8998999999997,2829908.26041,2024-05-02
526,bored-ape-yacht-club,1d,1714694400000,12.6969,36801.139351499995,58,803.6089999999999,2406818.236119999,2024-05-03
527,bored-ape-yacht-club,1d,1714780800000,13.697,40707.7728,43,591.1020000000002,1762920.75936,2024-05-04
528,bored-ape-yacht-club,1d,1714867200000,13.699,42428.337315,23,321.9974,970207.5489999999,2024-05-05
529,bored-ape-yacht-club,1d,1714953600000,14.5555,45096.9417625,41,626.4543000000002,1946509.8281800002,2024-05-06
530,bored-ape-yacht-club,1d,1715040000000,15.089,47356.382895,20,312.5019,977888.9895399999,2024-05-07
531,bored-ape-yacht-club,1d,1715126400000,15.5,47418.24775,31,537.4359000000001,1649332.1142999998,2024-05-08
532,bored-ape-yacht-club,1d,1715212800000,14.098,41589.100000000006,49,720.6319999999996,2178823.592470001,2024-05-09
533,bored-ape-yacht-club,1d,1715299200000,14.098,42060.02328,24,349.60096000000004,1042742.61345,2024-05-10
534,bored-ape-yacht-club,1d,1715385600000,14.07,40719.4242,49,702.23744,2126396.26071,2024-05-11
535,bored-ape-yacht-club,1d,1715472000000,13.72103,39953.92423125,47,737.3884099999999,2202535.74821,2024-05-12
536,bored-ape-yacht-club,1d,1715558400000,13.999,40688.7456,23,330.8860999999999,962683.9308599997,2024-05-13
537,bored-ape-yacht-club,1d,1715644800000,14.099,40701.77272,20,284.76899999999995,833783.40573,2024-05-14
538,bored-ape-yacht-club,1d,1715731200000,13.449,38835.05925,50,691.2782399999999,2037854.17371,2024-05-15
539,bored-ape-yacht-club,1d,1715817600000,13.199,38451.211599,29,396.47924,1147078.8166600002,2024-05-16
540,bored-ape-yacht-club,1d,1715889098654,13.673,40316.89145,12,164.0543,479185.17247,2024-05-16
